{"cameraMode":{"drawMode":0,"name":"Shaded","section":"Shading Mode"},"sceneLighting":true,"audioPlay":false,"sceneViewState":{"m_AlwaysRefresh":false,"showFog":true,"showSkybox":true,"showFlares":true,"showImageEffects":true,"showParticleSystems":true,"showVisualEffectGraphs":true,"m_FxEnabled":true},"in2DMode":false,"pivot":{"x":8.371041297912598,"y":5.592182159423828,"z":-50.08881759643555},"rotation":{"x":0.0007733994862064719,"y":0.9950429201126099,"z":-0.09914335608482361,"w":0.0077623026445508},"size":55.074405670166019,"orthographic":false}